{
  "eval_success_rate": 0.016666666666666666,
  "eval_mean_steps_to_solve": 630.0,
  "eval_mean_ep_len": 1485.5,
  "eval_mean_overloads_per_ep": 267.76666666666665,
  "eval_n_episodes": 60
}