{
  "eval_success_rate": 0.06666666666666667,
  "eval_mean_steps_to_solve": 185.0,
  "eval_mean_ep_len": 292.3333333333333,
  "eval_mean_overloads_per_ep": 49.15,
  "eval_n_episodes": 60
}