{
  "eval_success_rate": 0.5333333333333333,
  "eval_mean_steps_to_solve": 473.3125,
  "eval_mean_ep_len": 952.4333333333333,
  "eval_mean_overloads_per_ep": 184.66666666666666,
  "eval_n_episodes": 60
}