{
  "eval_success_rate": 0.4666666666666667,
  "eval_mean_steps_to_solve": 234.71428571428572,
  "eval_mean_ep_len": 429.53333333333336,
  "eval_mean_overloads_per_ep": 72.2,
  "eval_n_episodes": 60
}