{
  "eval_success_rate": 0.2833333333333333,
  "eval_mean_steps_to_solve": 252.52941176470588,
  "eval_mean_ep_len": 501.55,
  "eval_mean_overloads_per_ep": 89.6,
  "eval_n_episodes": 60
}