{
  "eval_success_rate": 0.016666666666666666,
  "eval_mean_steps_to_solve": 224.0,
  "eval_mean_ep_len": 593.7333333333333,
  "eval_mean_overloads_per_ep": 98.65,
  "eval_n_episodes": 60
}