{
  "eval_success_rate": 0.2,
  "eval_mean_steps_to_solve": 210.16666666666666,
  "eval_mean_ep_len": 282.03333333333336,
  "eval_mean_overloads_per_ep": 52.71666666666667,
  "eval_n_episodes": 60
}