{
  "eval_success_rate": 0.5166666666666667,
  "eval_mean_steps_to_solve": 216.8709677419355,
  "eval_mean_ep_len": 402.05,
  "eval_mean_overloads_per_ep": 75.9,
  "eval_n_episodes": 60
}