{
  "eval_success_rate": 0.3333333333333333,
  "eval_mean_steps_to_solve": 152.95,
  "eval_mean_ep_len": 250.98333333333332,
  "eval_mean_overloads_per_ep": 46.93333333333333,
  "eval_n_episodes": 60
}