{
  "eval_success_rate": 0.6,
  "eval_mean_steps_to_solve": 443.8611111111111,
  "eval_mean_ep_len": 866.3166666666667,
  "eval_mean_overloads_per_ep": 153.61666666666667,
  "eval_n_episodes": 60
}