{
  "eval_success_rate": 0.4666666666666667,
  "eval_mean_steps_to_solve": 508.0,
  "eval_mean_ep_len": 1037.0666666666666,
  "eval_mean_overloads_per_ep": 176.03333333333333,
  "eval_n_episodes": 60
}