{
  "eval_success_rate": 0.15,
  "eval_mean_steps_to_solve": 369.55555555555554,
  "eval_mean_ep_len": 565.4333333333333,
  "eval_mean_overloads_per_ep": 107.15,
  "eval_n_episodes": 60
}