{
  "eval_success_rate": 0.15,
  "eval_mean_steps_to_solve": 142.77777777777777,
  "eval_mean_ep_len": 276.4166666666667,
  "eval_mean_overloads_per_ep": 44.88333333333333,
  "eval_n_episodes": 60
}