{
  "eval_success_rate": 0.06666666666666667,
  "eval_mean_steps_to_solve": 177.5,
  "eval_mean_ep_len": 291.8333333333333,
  "eval_mean_overloads_per_ep": 51.7,
  "eval_n_episodes": 60
}