{
  "eval_success_rate": 0.21666666666666667,
  "eval_mean_steps_to_solve": 185.0,
  "eval_mean_ep_len": 275.0833333333333,
  "eval_mean_overloads_per_ep": 54.5,
  "eval_n_episodes": 60
}