{
  "eval_success_rate": 0.26666666666666666,
  "eval_mean_steps_to_solve": 250.3125,
  "eval_mean_ep_len": 506.75,
  "eval_mean_overloads_per_ep": 68.26666666666667,
  "eval_n_episodes": 60
}