{
  "eval_success_rate": 0.1,
  "eval_mean_steps_to_solve": 788.1666666666666,
  "eval_mean_ep_len": 1428.8166666666666,
  "eval_mean_overloads_per_ep": 268.21666666666664,
  "eval_n_episodes": 60
}