{
  "eval_success_rate": 0.3333333333333333,
  "eval_mean_steps_to_solve": 107.2,
  "eval_mean_ep_len": 235.73333333333332,
  "eval_mean_overloads_per_ep": 41.916666666666664,
  "eval_n_episodes": 60
}